per_device_train_batch_size,learning_rate,num_train_epochs,eval_loss,eval_model_preparation_time,eval_rouge1,eval_rouge2,eval_rougeL,eval_rougeLsum,eval_runtime,eval_samples_per_second,eval_steps_per_second
2,3e-05,3,0.5679702162742615,0.0159,26.873981608505847,26.249885686580754,27.115365414469274,26.690916892325877,61.4515,0.797,0.407
2,5e-05,3,0.5958621501922607,0.004,29.13559987738091,27.504058018163512,28.56422119148138,28.441399073578854,63.9061,0.767,0.391
2,5e-05,5,0.6958604454994202,0.004,80.43060405102347,75.29879417746517,77.60990780071073,77.95026095934494,63.8708,0.767,0.391
